p_val,avg_log2FC,pct.1,pct.2,p_val_adj,cluster,gene,diff
0,1.0843624574508652,0.984,0.745,0,0,Hpgd,0.239
0,0.8676114914741255,0.986,0.751,0,0,Tmem100,0.235
0,0.8438628348436983,0.987,0.752,0,0,Cd93,0.235
0,0.7484917638217299,0.934,0.718,0,0,Sema3c,0.21600000000000008
0,0.748475712398126,0.827,0.453,0,0,Glp1r,0.37399999999999994
0,0.7291486479979724,0.615,0.243,0,0,Npr3,0.372
0,0.719531977510576,0.996,0.818,0,0,Ptprb,0.17800000000000005
0,0.6962209739347729,0.857,0.54,0,0,Plvap,0.31699999999999995
0,0.6720713662062785,0.98,0.81,0,0,Tspan7,0.16999999999999993
0,0.6591384906094824,0.998,0.947,0,0,Epas1,0.051000000000000045
0,0.6434881328215826,0.746,0.406,0,0,Golm2,0.33999999999999997
0,0.6193809239015291,0.786,0.442,0,0,Bmp6,0.34400000000000003
0,0.6075340775325666,0.945,0.683,0,0,Gpihbp1,0.2619999999999999
0,0.5996075350220975,0.964,0.768,0,0,Clec14a,0.19599999999999995
0,0.5939775360951922,0.943,0.726,0,0,BC028528,0.21699999999999997
0,0.591118255699091,0.989,0.886,0,0,Bmpr2,0.10299999999999998
0,0.5866613609541371,0.882,0.597,0,0,Cemip2,0.28500000000000003
0,0.5823871987818077,0.812,0.468,0,0,Kit,0.34400000000000003
0,0.5742427987993732,0.771,0.497,0,0,Hilpda,0.274
0,0.5736963191935875,0.885,0.592,0,0,Tek,0.29300000000000004
0,0.5723806511366925,0.967,0.755,0,0,Pltp,0.21199999999999997
0,0.5633480214448032,0.719,0.375,0,0,Sema3g,0.344
0,0.5574778473284953,0.773,0.458,0,0,Rnf144a,0.315
0,0.5418534649725464,0.97,0.791,0,0,Itga1,0.17899999999999994
0,0.536002652589497,0.993,0.907,0,0,Calcrl,0.08599999999999997
0,0.5328265349756904,0.73,0.403,0,0,Pde3a,0.32699999999999996
0,0.5213185713543478,0.717,0.383,0,0,Hmcn1,0.33399999999999996
0,0.515558253018547,0.853,0.573,0,0,Acer2,0.28
0,0.5043349477317581,0.775,0.481,0,0,Vegfa,0.29400000000000004
0,1.7447988739900424,0.913,0.325,0,1,Sparcl1,0.5880000000000001
0,1.3613364439262405,0.913,0.63,0,1,Cxcl12,0.28300000000000003
0,1.1827338085682482,0.726,0.254,0,1,Cdk19,0.472
0,1.0854562066866584,0.733,0.226,0,1,Ntrk2,0.507
0,1.0127712303910865,0.588,0.15,0,1,Amd1,0.43799999999999994
0,0.8861170088602522,0.85,0.532,0,1,Emcn,0.31799999999999995
0,0.8129148713252541,0.736,0.506,0,1,Hspa1a,0.22999999999999998
0,0.7992049655770256,0.707,0.376,0,1,Slc6a6,0.33099999999999996
0,0.7817065072977964,0.884,0.638,0,1,H2-Eb1,0.246
0,0.7676187285874563,0.96,0.832,0,1,Col4a1,0.128
0,0.746309518516874,0.896,0.66,0,1,H2-Aa,0.236
0,0.7374199215705133,0.944,0.803,0,1,Cd74,0.1409999999999999
0,0.7008973251095849,0.776,0.568,0,1,Hspb1,0.20800000000000007
0,0.6992139138487858,0.901,0.672,0,1,H2-Ab1,0.22899999999999998
0,0.6665462890592642,0.913,0.682,0,1,Scn7a,0.23099999999999998
0,0.5822050681992894,0.876,0.671,0,1,Col4a2,0.20499999999999996
0,0.5751432599208987,0.69,0.389,0,1,Fxyd5,0.30099999999999993
0,0.5667279155353904,0.775,0.524,0,1,Sox17,0.251
0,0.5654778510623268,0.979,0.941,0,1,Vim,0.038000000000000034
0,0.5516518673605842,0.769,0.507,0,1,Aldoa,0.262
0,0.5445928592402574,0.682,0.419,0,1,Ifngr1,0.26300000000000007
0,0.5356591109587443,0.756,0.547,0,1,Pde4b,0.20899999999999996
0,0.5316719178908516,0.983,0.928,0,1,Rps19,0.05499999999999994
0,0.5210690775379556,0.666,0.462,0,1,Hspa1b,0.20400000000000001
0,0.5128838429777574,0.988,0.955,0,1,Rpl18a,0.03300000000000003
0,3.025254587653688,0.983,0.289,0,2,Emp2,0.694
0,2.6303013082851585,0.969,0.425,0,2,Igfbp7,0.544
0,2.354904683337428,0.945,0.307,0,2,Car4,0.6379999999999999
0,2.0182095609601896,0.851,0.135,0,2,Ednrb,0.716
0,1.829479948047599,0.844,0.212,0,2,AW112010,0.632
0,1.7870941508497584,0.933,0.567,0,2,Kitl,0.3660000000000001
0,1.7753783592160168,0.888,0.406,0,2,Pmp22,0.482
0,1.7230762417092016,0.931,0.671,0,2,Kdr,0.26
0,1.5536385025491988,0.645,0.073,0,2,Fibin,0.5720000000000001
0,1.5107426348220703,0.911,0.605,0,2,Cyp4b1,0.30600000000000005
0,1.3648761818309758,0.781,0.128,0,2,Tbx2,0.653
0,1.3580352020971675,0.926,0.761,0,2,Nrp1,0.16500000000000004
0,1.3462462160003361,0.832,0.343,0,2,Septin4,0.48899999999999993
0,1.2003823568898802,0.821,0.39,0,2,Hopx,0.43099999999999994
0,1.2003644031067455,0.925,0.832,0,2,Icam2,0.09300000000000008
0,1.1615469534279428,0.811,0.348,0,2,Nhlrc2,0.4630000000000001
0,1.1351677689493893,0.788,0.301,0,2,Ptp4a3,0.48700000000000004
0,1.116209728274258,0.862,0.492,0,2,Cd34,0.37
0,1.1098360242176455,0.852,0.544,0,2,Tbx3,0.30799999999999994
0,1.0664125452266486,0.943,0.801,0,2,Selenop,0.1419999999999999
0,1.0543693744071043,0.824,0.513,0,2,Pcdh1,0.31099999999999994
0,1.0475263669916286,0.804,0.394,0,2,Prx,0.41000000000000003
0,1.0334112132764697,0.6,0.096,0,2,Apln,0.504
0,1.0144875537966103,0.958,0.863,0,2,Ly6c1,0.09499999999999997
0,0.9917459305471079,0.965,0.865,0,2,App,0.09999999999999998
0,0.964008117758343,0.638,0.238,0,2,Phlda3,0.4
0,0.9314384303587628,0.733,0.295,0,2,Atp8a1,0.438
0,0.9309468057772757,0.765,0.419,0,2,Bcam,0.34600000000000003
0,0.9259132500224,0.605,0.083,0,2,Chst1,0.522
0,0.9234207874451661,0.918,0.816,0,2,Tspan13,0.10200000000000009
0,0.9223865878840327,0.772,0.608,0,2,Crip1,0.16400000000000003
0,0.8989603172623434,0.692,0.347,0,2,Clu,0.345
0,0.8903105354489547,0.602,0.108,0,2,Enho,0.494
0,0.8864190123174616,0.811,0.529,0,2,Timp2,0.28200000000000003
0,0.8694727080472076,0.831,0.584,0,2,Hspb1,0.247
0,0.8644065141388948,0.539,0.148,0,2,Serpine1,0.391
0,0.8549603950578883,0.771,0.422,0,2,Krt80,0.34900000000000003
0,0.826515496759683,0.634,0.196,0,2,Nectin3,0.438
0,0.8192830894325338,0.981,0.956,0,2,Cldn5,0.025000000000000022
0,0.8107080745565072,0.718,0.409,0,2,Vcl,0.309
0,0.8074446165174722,0.934,0.834,0,2,Cd47,0.10000000000000009
0,0.7900991213038353,0.574,0.135,0,2,Tns3,0.43899999999999995
0,0.782386725869775,0.865,0.672,0,2,Cyth3,0.19299999999999995
0,0.7793341935084299,0.868,0.681,0,2,Timp3,0.18699999999999994
0,0.7731836086550743,0.826,0.648,0,2,Tmem176a,0.17799999999999994
0,0.7663298280008894,0.609,0.171,0,2,Lmo7,0.43799999999999994
0,0.751105385953343,0.98,0.931,0,2,Ly6a,0.04899999999999993
0,0.7480007947157583,0.844,0.654,0,2,Anxa3,0.18999999999999995
0,0.7474746533423084,0.831,0.588,0,2,Stmn2,0.243
0,0.7377443580145031,0.576,0.202,0,2,Mgst3,0.37399999999999994
0,0.730606216808001,0.613,0.218,0,2,Itga3,0.395
0,0.7232682120058826,0.556,0.134,0,2,Edil3,0.42200000000000004
0,0.7196563434860557,0.975,0.949,0,2,Ybx1,0.026000000000000023
0,0.7193950316274693,0.817,0.665,0,2,Adgrl2,0.1519999999999999
0,0.7192162867320977,0.724,0.418,0,2,Rgs12,0.306
0,0.7152393352704103,0.572,0.171,0,2,Rasgrp2,0.4009999999999999
0,0.704459311241895,0.647,0.315,0,2,Mgll,0.332
0,0.7029162679588753,0.677,0.34,0,2,Piezo2,0.337
0,0.7022233465827881,0.843,0.753,0,2,Ecscr,0.08999999999999997
0,0.6842655156167978,0.665,0.323,0,2,Tmod2,0.342
0,0.6839759745599902,0.669,0.341,0,2,Agfg1,0.328
0,0.6713020141541169,0.551,0.156,0,2,Ccdc68,0.395
0,0.6605430859965857,0.933,0.879,0,2,Fkbp1a,0.05400000000000005
0,0.6603176389469896,0.846,0.702,0,2,Tuba1a,0.14400000000000002
0,0.6465189128213762,0.746,0.495,0,2,Nkd1,0.251
0,0.6420727914662465,0.53,0.2,0,2,Fgf1,0.33
0,0.6380616762976415,0.717,0.482,0,2,Tmem204,0.235
0,0.6255404376494367,0.751,0.523,0,2,Sema3f,0.22799999999999998
0,0.6247362328292059,0.901,0.832,0,2,Crip2,0.06900000000000006
0,0.6203452087957393,0.916,0.806,0,2,Clic5,0.10999999999999999
0,0.6180810060255966,0.962,0.938,0,2,Ramp2,0.02400000000000002
0,0.6126845572934225,0.52,0.18,0,2,Grina,0.34
0,0.6081616366845313,0.681,0.468,0,2,Tmcc2,0.21300000000000002
0,0.600995086736436,0.622,0.333,0,2,Trib2,0.289
0,0.5971233604497597,0.808,0.624,0,2,Smarca2,0.18400000000000005
0,0.5899779273372825,0.681,0.417,0,2,Tmem140,0.26400000000000007
0,0.5877467872433919,0.777,0.619,0,2,Rock2,0.15800000000000003
0,0.5837418810196424,0.553,0.251,0,2,Plaur,0.30200000000000005
0,0.5706964129853296,0.867,0.753,0,2,Fmo1,0.11399999999999999
0,0.5690050265500431,0.526,0.198,0,2,Fgfr3,0.328
0,0.5595588225790856,0.619,0.341,0,2,Tspan12,0.27799999999999997
0,0.557000188625261,0.649,0.44,0,2,Map1lc3a,0.20900000000000002
0,0.5506596586659942,0.607,0.357,0,2,Zfhx3,0.25
0,0.5497644000458438,0.611,0.354,0,2,Kctd12,0.257
0,0.5497430621720101,0.615,0.33,0,2,Sema7a,0.285
0,0.5490809815814255,0.699,0.441,0,2,Mapt,0.25799999999999995
0,0.5488165957595589,0.569,0.282,0,2,Bin1,0.287
0,0.5484816388159596,0.534,0.21,0,2,Nipal3,0.32400000000000007
0,0.5471756839673603,0.908,0.786,0,2,Cst3,0.122
0,0.5424663170520337,0.523,0.245,0,2,Acbd5,0.278
0,0.5289698323800257,0.701,0.511,0,2,Ctsl,0.18999999999999995
0,0.525245140182343,0.909,0.839,0,2,Serinc3,0.07000000000000006
0,0.5055503306702325,0.598,0.339,0,2,Tmbim1,0.25899999999999995
1.7859315883819031e-301,0.5047882353435313,0.636,0.402,4.467865054655007e-297,2,Cd24a,0.23399999999999999
7.377619591327901e-256,0.507719143035635,0.687,0.536,1.845659093162501e-251,2,Gngt2,0.15100000000000002
7.76255098478801e-240,0.5128879335343033,0.86,0.71,1.9419573798644163e-235,2,Scn7a,0.15000000000000002
5.52872551228298e-233,0.5193541406199573,0.764,0.641,1.3831212614078332e-228,2,Tmem176b,0.123
0,1.9045808747258806,0.995,0.291,0,3,Emp2,0.704
0,1.621637651829368,0.992,0.306,0,3,Car4,0.6859999999999999
0,1.5177139825528383,0.925,0.132,0,3,Ednrb,0.793
0,1.4370518255761575,0.997,0.667,0,3,Kdr,0.32999999999999996
0,1.4008088554686637,0.988,0.426,0,3,Igfbp7,0.562
0,1.3131724341102626,0.992,0.564,0,3,Kitl,0.42800000000000005
0,1.1723125086223978,0.977,0.4,0,3,Pmp22,0.577
0,1.1644048017720896,0.99,0.6,0,3,Cyp4b1,0.39
0,1.0918389887153845,0.939,0.34,0,3,Nhlrc2,0.599
0,1.0845219244031954,0.652,0.074,0,3,Fibin,0.5780000000000001
0,1.0312773655328573,0.951,0.384,0,3,Prx,0.567
0,1.0289194708008327,0.849,0.214,0,3,AW112010,0.635
0,1.0271041605857991,0.982,0.535,0,3,Tbx3,0.44699999999999995
0,0.9924631550794518,0.939,0.382,0,3,Hopx,0.5569999999999999
0,0.9802844470507653,0.906,0.293,0,3,Ptp4a3,0.613
0,0.9649211104288479,0.804,0.129,0,3,Tbx2,0.675
0,0.9447614765180817,0.963,0.504,0,3,Pcdh1,0.45899999999999996
0,0.9417244347203652,0.696,0.09,0,3,Apln,0.606
0,0.9416692362003202,0.903,0.339,0,3,Septin4,0.5640000000000001
0,0.9195031291958411,0.997,0.81,0,3,Tspan13,0.18699999999999994
0,0.9114486604057762,0.938,0.41,0,3,Krt80,0.528
0,0.8739401489916832,0.996,0.798,0,3,Selenop,0.19799999999999995
0,0.8514226961971816,0.995,0.756,0,3,Nrp1,0.239
0,0.8097275765290002,0.934,0.466,0,3,Tmem204,0.468
0,0.7686320980477097,0.999,0.947,0,3,Ybx1,0.052000000000000046
0,0.7505760256429344,0.943,0.48,0,3,Nkd1,0.46299999999999997
0,0.749754511625556,0.749,0.308,0,3,Mgll,0.441
0,0.7459748583239313,0.903,0.451,0,3,Tmcc2,0.452
0,0.7344976583182401,0.989,0.744,0,3,Fmo1,0.245
0,0.7334408680551117,0.959,0.578,0,3,Stmn2,0.381
0,0.7264088489797653,0.943,0.487,0,3,Cd34,0.45599999999999996
0,0.7246227228737704,0.703,0.234,0,3,Phlda3,0.469
0,0.7148182346098007,0.647,0.106,0,3,Enho,0.541
0,0.7135812470285954,0.998,0.89,0,3,Ehd4,0.10799999999999998
0,0.7090383552728671,0.623,0.084,0,3,Chst1,0.539
0,0.6964117117339026,0.994,0.827,0,3,Icam2,0.16700000000000004
0,0.6901423774587849,0.868,0.408,0,3,Rgs12,0.46
0,0.6821986428163418,0.998,0.863,0,3,App,0.135
0,0.6781718809026255,0.803,0.313,0,3,Tmod2,0.49000000000000005
0,0.6764895453464327,0.813,0.33,0,3,Piezo2,0.48299999999999993
0,0.6734204039660368,0.995,0.801,0,3,Clic5,0.19399999999999995
0,0.6727703774310969,0.998,0.955,0,3,Cldn5,0.04300000000000004
0,0.6684809849605011,0.802,0.32,0,3,Trib2,0.48200000000000004
0,0.6622362928848842,0.972,0.693,0,3,Tuba1a,0.279
0,0.6573036742751142,0.96,0.613,0,3,Dusp3,0.347
0,0.6431067919577165,0.923,0.51,0,3,Sema3f,0.41300000000000003
0,0.6408695226203439,0.829,0.388,0,3,Cd24a,0.44099999999999995
0,0.6379436341604378,0.908,0.485,0,3,Impdh1,0.42300000000000004
0,0.6203383128329565,0.994,0.822,0,3,Slc9a3r2,0.17200000000000004
0,0.6157857277297641,0.771,0.342,0,3,Clu,0.429
0,0.615700661055063,0.997,0.86,0,3,Acvrl1,0.137
0,0.6100559950005371,0.998,0.941,0,3,Cdh5,0.05700000000000005
0,0.6078493488678083,0.611,0.134,0,3,Tns3,0.477
0,0.604418332884968,0.786,0.334,0,3,Stard8,0.452
0,0.6042863743719658,0.989,0.767,0,3,Arhgef12,0.22199999999999998
0,0.6031694666643295,0.664,0.195,0,3,Nectin3,0.46900000000000003
0,0.6029718693316759,0.959,0.654,0,3,Adgrl2,0.30499999999999994
0,0.602653133184136,0.866,0.429,0,3,Mapt,0.437
0,0.6012749527571664,0.977,0.664,0,3,Cyth3,0.31299999999999994
0,0.6004390238524293,0.976,0.743,0,3,Ecscr,0.23299999999999998
0,0.594081234442503,0.946,0.614,0,3,Smarca2,0.33199999999999996
0,0.5939148821009561,0.969,0.671,0,3,Afap1l1,0.29799999999999993
0,0.5920954386726389,0.993,0.825,0,3,Crip2,0.16800000000000004
0,0.5895231402200791,0.971,0.685,0,3,Jup,0.2859999999999999
0,0.5870274985888134,0.886,0.512,0,3,Nes,0.374
0,0.5825800091797868,0.793,0.436,0,3,Ccnd1,0.35700000000000004
0,0.5809772580953507,0.968,0.657,0,3,Myzap,0.31099999999999994
0,0.5778810713660079,0.936,0.52,0,3,Timp2,0.41600000000000004
0,0.5777173655390746,0.837,0.401,0,3,Vcl,0.43599999999999994
0,0.5719698114095093,0.985,0.77,0,3,Klf7,0.21499999999999997
0,0.5692588627896391,0.997,0.874,0,3,Fkbp1a,0.123
0,0.5645304046733697,0.964,0.645,0,3,Anxa3,0.31899999999999995
0,0.5628085394804598,0.867,0.521,0,3,Smad6,0.346
0,0.5618123562768096,0.998,0.95,0,3,Adgrf5,0.04800000000000004
0,0.5590925471963322,0.945,0.634,0,3,Jcad,0.31099999999999994
0,0.5522833556895775,0.776,0.33,0,3,Tspan12,0.446
0,0.549472615966946,0.747,0.295,0,3,Atp8a1,0.452
0,0.5490165978440598,0.892,0.544,0,3,Tspan18,0.348
0,0.5463177982666317,0.83,0.415,0,3,Bcam,0.415
0,0.5442616134970408,0.997,0.917,0,3,Cavin2,0.07999999999999996
0,0.5427231120937255,0.597,0.196,0,3,Fgf1,0.40099999999999997
0,0.5330030463636763,0.993,0.83,0,3,Cd47,0.16300000000000003
0,0.5328578451360049,0.664,0.215,0,3,Itga3,0.44900000000000007
0,0.5326406184200805,0.991,0.837,0,3,Eng,0.15400000000000003
0,0.530837087079638,0.83,0.435,0,3,Mcc,0.39499999999999996
0,0.5297246972385996,0.844,0.464,0,3,Smagp,0.37999999999999995
0,0.5242386826118439,0.678,0.27,0,3,Pllp,0.40800000000000003
0,0.5239039429681092,0.997,0.85,0,3,Slco2a1,0.14700000000000002
0,0.5227390799350369,0.797,0.376,0,3,Arhgef3,0.42100000000000004
0,0.520711814551815,0.601,0.201,0,3,Mgst3,0.39999999999999997
0,0.5196314338485053,0.692,0.273,0,3,Bin1,0.41899999999999993
0,0.515771652654907,0.999,0.915,0,3,Clic4,0.08399999999999996
0,0.5094165666934324,0.736,0.338,0,3,Prickle1,0.39799999999999996
0,0.5072502711350158,0.998,0.936,0,3,Ramp2,0.061999999999999944
0,0.504592965950078,0.508,0.153,0,3,Tppp3,0.355
0,0.5044087936047981,0.755,0.336,0,3,Agfg1,0.419
0,0.5026596884746284,0.998,0.919,0,3,Bmpr2,0.07899999999999996
0,0.5023567592863163,0.904,0.567,0,3,Cyb5r3,0.3370000000000001
0,0.5005061201348691,0.563,0.156,0,3,Ccdc68,0.4069999999999999
0,0.5004430520403265,0.73,0.367,0,3,Ddah1,0.363
0,0.500346477600965,0.934,0.61,0,3,Arap2,0.32400000000000007
0,1.5384430245477274,0.998,0.983,0,4,Malat1,0.015000000000000013
0,1.4905995386786208,0.59,0.147,0,4,Scgb1a1,0.44299999999999995
0,1.0185147954051794,0.702,0.486,0,4,Neat1,0.21599999999999997
0,0.7667426363059637,0.991,0.983,0,4,mt-Nd1,0.008000000000000007
0,0.7577603427867858,0.996,0.996,0,4,mt-Cytb,0
0,0.6954629153856344,0.996,0.992,0,4,mt-Nd2,0.0040000000000000036
0,0.607682911181392,0.956,0.895,0,4,mt-Co1,0.06099999999999994
5.857996788579361e-300,0.9097696199794179,0.995,0.988,1.4654950565988989e-295,4,mt-Rnr1,0.007000000000000006
1.606774642844668e-297,0.7569938244785983,0.992,0.988,4.019668124004506e-293,4,mt-Nd4,0.0040000000000000036
2.276458446434837e-292,0.8395308408904847,0.73,0.692,5.6950160954460314e-288,4,Fus,0.038000000000000034
3.4293913256221525e-247,0.6942102518068065,0.999,0.996,8.579308279308939e-243,4,mt-Rnr2,0.0030000000000000027
1.2792644506975112e-241,0.6535528887521689,0.805,0.724,3.200335876309964e-237,4,mt-Atp6,0.08100000000000007
1.031236161554902e-139,0.7548925673087135,0.683,0.691,2.5798435053618984e-135,4,Slc38a2,-0.007999999999999896
4.7020953963771454e-139,0.9953872227445166,0.83,0.801,1.1763232053116705e-134,4,Btg2,0.028999999999999915
9.049232589046683e-89,0.5224335057920593,0.551,0.504,2.2638465168018087e-84,4,Hmcn1,0.04700000000000004
1.257991950238265e-54,0.5092391171659736,0.674,0.75,3.1471184619110673e-50,4,Ube2d3,-0.07599999999999996
1.5814619565666697e-54,0.5840764914478807,0.671,0.638,3.9563433767428377e-50,4,Fosb,0.03300000000000003
7.624915555736249e-48,1.3003306401236352,0.516,0.511,1.9075251245785376e-43,4,Iigp1,0.0050000000000000044
4.2248836555364746e-33,0.5619772440643143,1,0.998,1.0569391441055598e-28,4,Rn18s,0.0020000000000000018
3.384712432507014e-30,0.5294943828324896,0.514,0.545,8.467535092402797e-26,4,Xdh,-0.031000000000000028
9.563860375519275e-26,0.6606452452897376,0.759,0.798,2.392590950143657e-21,4,Lars2,-0.039000000000000035
0,2.765513417282264,0.995,0.316,0,5,Vwf,0.679
0,2.363178099472293,0.745,0.01,0,5,Slc6a2,0.735
0,2.278453300151378,0.924,0.195,0,5,Prss23,0.7290000000000001
0,1.5150667395971862,0.842,0.136,0,5,Samd5,0.706
0,1.434347379473572,0.729,0.232,0,5,Lrg1,0.497
0,1.2657898959090066,0.925,0.403,0,5,Lyve1,0.522
0,1.2403910040785173,0.72,0.09,0,5,Bgn,0.63
0,1.1088364318797712,0.842,0.323,0,5,Csrp2,0.5189999999999999
0,1.0908004677699514,0.752,0.156,0,5,Vegfc,0.596
0,1.0704219849306624,0.751,0.323,0,5,Tmem252,0.428
0,1.03851684706662,0.654,0.05,0,5,Amigo2,0.604
0,1.032196784713462,0.755,0.306,0,5,Ackr3,0.449
0,1.0166432080031624,0.518,0.013,0,5,Car8,0.505
0,0.9253538659888758,0.858,0.503,0,5,Il6st,0.355
0,0.9172684607881848,0.748,0.171,0,5,Cd81,0.577
0,0.9089865392232839,0.966,0.769,0,5,Srgn,0.19699999999999995
0,0.8898684246702737,0.595,0.077,0,5,Nr2f2,0.518
0,0.8784861874842385,0.854,0.503,0,5,Crim1,0.351
0,0.8750915568918745,0.827,0.533,0,5,Icam1,0.29399999999999993
0,0.8727961440354717,0.537,0.017,0,5,Bst1,0.52
0,0.8380123370004251,0.6,0.227,0,5,Rcan1,0.373
0,0.7924097994840508,0.633,0.142,0,5,Lbp,0.491
0,0.7864329225471781,0.655,0.129,0,5,Ptgs1,0.526
0,0.7654052535365738,0.912,0.676,0,5,Cd200,0.236
0,0.7150221467746598,0.946,0.689,0,5,Cemip2,0.257
0,0.6844740104595972,0.674,0.242,0,5,Prcp,0.43200000000000005
0,0.6820771508733348,0.984,0.867,0,5,Aqp1,0.11699999999999999
0,0.6807058503946293,0.68,0.303,0,5,Tinagl1,0.37700000000000006
0,0.6804034633375524,0.504,0.184,0,5,Eln,0.32
0,0.6731369652547302,0.559,0.224,0,5,Plac8,0.3350000000000001
0,0.6716526763512489,0.921,0.658,0,5,Heg1,0.263
0,0.6690530357856315,0.568,0.229,0,5,Serpinb6b,0.33899999999999997
0,0.6643436894153563,0.617,0.206,0,5,Gask1b,0.41100000000000003
0,0.6215080925329236,0.683,0.304,0,5,Jam2,0.37900000000000006
0,0.6004772045788923,0.775,0.43,0,5,Adam15,0.34500000000000003
0,0.5944954944966971,0.968,0.849,0,5,Cd9,0.119
0,0.5791360703427817,0.816,0.561,0,5,S100a10,0.2549999999999999
0,0.5559944586016696,0.997,0.953,0,5,Ifitm3,0.04400000000000004
0,0.5494106619988215,0.51,0.215,0,5,Pcp4l1,0.29500000000000004
0,0.5435745270016866,0.594,0.253,0,5,Hs3st1,0.34099999999999997
0,0.5216688433428807,0.963,0.807,0,5,Foxp1,0.15599999999999992
0,0.5169415031354142,0.646,0.338,0,5,Grrp1,0.308
4.740990565817736e-298,0.5416116566678579,0.712,0.438,1.186053609850623e-293,5,Arl4d,0.27399999999999997
1.6654099991254277e-296,0.5997234275671555,0.926,0.814,4.166356194812082e-292,5,Nfkbia,0.1120000000000001
2.25922395135402e-295,0.5086874889738393,0.819,0.58,5.6519005591023525e-291,5,Anxa2,0.239
4.275471876758546e-264,0.5017313403141279,0.961,0.838,1.0695947994086855e-259,5,Thbd,0.123
2.1449998067487755e-263,0.6053025711633175,0.555,0.303,5.366146016543411e-259,5,Nfkbiz,0.25200000000000006
1.4191472931586241e-260,0.5033694509217572,0.859,0.666,3.55028078329493e-256,5,Zfp36l1,0.19299999999999995
2.7111052180075576e-252,0.7226925951013738,0.863,0.729,6.782371923889507e-248,5,Egr1,0.134
1.5343278902875431e-226,0.516238342954046,0.982,0.909,3.8384280831323467e-222,5,Ctla2a,0.07299999999999995
4.555318834029366e-223,0.5343170817220244,0.849,0.666,1.1396041127091265e-218,5,Socs3,0.18299999999999994
3.42781943709669e-207,0.6264358845583446,0.916,0.834,8.575375885784789e-203,5,Fos,0.08200000000000007
1.6005746820192782e-205,0.5252736486928151,0.839,0.69,4.004157682007628e-201,5,Zfp36,0.14900000000000002
7.382355866617313e-200,0.5093854475167021,0.907,0.756,1.8468439671516532e-195,5,Cebpd,0.15100000000000002
0,1.6283945150288,0.538,0.159,0,6,Scgb1a1,0.379
2.6843124867069024e-232,0.5689121624206712,0.983,0.941,6.715344547994658e-228,6,Fth1,0.04200000000000004
2.207678894771274e-115,0.5321796629562825,0.767,0.745,5.522950291049297e-111,6,Aldh2,0.02200000000000002
0,1.234101512205751,0.55,0.146,0,7,Rgcc,0.404
0,1.1361157175167087,0.843,0.407,0,7,Sparcl1,0.436
0,1.1142616751996504,0.984,0.848,0,7,Col4a1,0.136
0,1.0321339771292752,0.98,0.857,0,7,Sparc,0.123
0,0.9950732323549374,0.943,0.696,0,7,Col4a2,0.247
0,0.9823468884913861,0.671,0.334,0,7,Tmem252,0.337
0,0.8630082018924039,0.739,0.343,0,7,Scarb1,0.39599999999999996
0,0.8539707641571248,0.901,0.661,0,7,Tmsb10,0.24
0,0.8412113447311884,0.983,0.917,0,7,Rps3,0.06599999999999995
0,0.8186229834602561,0.531,0.132,0,7,Trp53i11,0.399
0,0.7636341032834506,0.972,0.893,0,7,Rps2,0.07899999999999996
0,0.7143480051677491,0.554,0.188,0,7,Cd81,0.36600000000000005
0,0.7094468342240383,0.859,0.507,0,7,Cd34,0.352
0,0.6818116167568111,0.966,0.892,0,7,Rplp0,0.07399999999999995
0,0.675132519257299,0.966,0.853,0,7,Rpl12,0.11299999999999999
0,0.6664257783536884,0.994,0.969,0,7,Rpl23,0.025000000000000022
0,0.6536310701767163,0.985,0.938,0,7,Rps18,0.04700000000000004
0,0.6497740890465455,0.985,0.918,0,7,Rpsa,0.06699999999999995
0,0.6392528369721029,0.641,0.309,0,7,Plxnd1,0.332
0,0.6382952305365475,0.966,0.869,0,7,Rps7,0.09699999999999998
0,0.6092302259535312,0.99,0.935,0,7,Rps19,0.05499999999999994
0,0.6020791222777775,0.963,0.865,0,7,Rack1,0.09799999999999998
0,0.6012772965758892,0.996,0.973,0,7,Rps24,0.02300000000000002
0,0.59113898586978,0.995,0.968,0,7,Rpl13,0.027000000000000024
0,0.588610218215214,0.996,0.978,0,7,Rps8,0.018000000000000016
0,0.5703980700511684,0.991,0.96,0,7,Rps16,0.031000000000000028
0,0.5635652967656215,0.998,0.993,0,7,Eef1a1,0.0050000000000000044
0,0.56155309800595,0.995,0.971,0,7,Rps14,0.02400000000000002
5.780967495729557e-306,0.5342898445074993,0.999,0.994,1.4462246384066632e-301,7,Tpt1,0.0050000000000000044
2.1758098575214798e-305,0.594723058384969,0.976,0.918,5.443223520561486e-301,7,Rps15a,0.05799999999999994
2.0506642767908943e-303,0.62965424413528015,0.97,0.867,5.130146821247781e-299,7,Rpl3,0.10299999999999998
4.89551400777916e-302,0.6270689597973735,0.981,0.93,1.2247107393261126e-297,7,Rpl32,0.050999999999999934
2.6565969441435723e-301,0.5239750598879508,0.559,0.243,6.646008575163975e-297,7,Smad1,0.31600000000000006
3.572808290297238e-300,0.5565858774629047,0.989,0.961,8.9380944998366e-296,7,Rpl9,0.028000000000000025
1.785432443945124e-298,0.8114787996070805,0.901,0.648,4.4666163450175164e-294,7,Plvap,0.253
1.0452138329084932e-296,0.6050062592218584,0.572,0.256,2.6148114457871777e-292,7,Cavin3,0.31599999999999995
2.2906219713640875e-296,1.0698223937584914,0.541,0.248,5.730448985761537e-292,7,Lrg1,0.29300000000000004
3.9405429984834034e-295,0.6062148092876098,0.897,0.667,9.85805641930593e-291,7,Eef1b2,0.22999999999999998
1.3095544686835441e-291,0.5389355810951493,0.996,0.976,3.276112414305622e-287,7,Rplp1,0.020000000000000018
3.3662099390917765e-288,0.543694521063135,0.976,0.915,8.421247404625898e-284,7,Rpl18,0.06099999999999994
4.1452916847151155e-286,0.542040570317901,0.552,0.247,1.0370276207651804e-281,7,Lrrfip1,0.30500000000000005
1.2250557460107814e-285,0.5521375632546701,0.991,0.966,3.064721959795172e-281,7,Rps20,0.025000000000000022
4.049144751738824e-282,0.5141059500514884,0.99,0.961,1.0129745425425016e-277,7,Rps23,0.029000000000000026
6.189765500948673e-281,0.5647964881479919,0.969,0.906,1.5484936353723297e-276,7,Rpl7,0.06299999999999994
2.470873013054386e-280,0.5403611710534051,0.982,0.928,6.181383016758157e-276,7,Rpl17,0.05399999999999994
2.4190685617524664e-277,0.502470455404814,0.991,0.971,6.051783820936145e-273,7,Rps12,0.020000000000000018
1.3410681854801837e-274,0.6444516835541284,0.645,0.343,3.3549502796157755e-270,7,Grrp1,0.302
2.0801512344251448e-271,0.5494079030196688,0.98,0.941,5.203914343161385e-267,7,Rpl28,0.039000000000000035
4.287908086255231e-269,0.5541191663282272,0.944,0.802,1.0727059659384712e-264,7,Rpl5,0.1419999999999999
1.8314810463334125e-267,0.5385966341394108,0.992,0.959,4.581816133612298e-263,7,Rpl18a,0.03300000000000003
1.3834134304198959e-264,0.5319217447676856,0.975,0.904,3.4608853788814534e-260,7,Rpl6,0.07099999999999995
9.319237778441059e-258,0.538994160046641,0.98,0.93,2.3313937150325997e-253,7,Rps5,0.04999999999999993
8.755036531009762e-251,0.6767565727405775,0.832,0.576,2.190247488962712e-246,7,Emcn,0.256
1.1711457538276722e-250,0.5284536574333183,0.985,0.946,2.9298553323506877e-246,7,Rps4x,0.039000000000000035
1.1080897674096219e-243,0.5495296997630289,0.754,0.484,2.772108171128651e-239,7,Pdlim1,0.27
7.930011952664894e-243,0.525647474706481,0.91,0.743,1.9838510901981766e-238,7,Rpl10a,0.16700000000000004
5.715893856488112e-241,0.5453347351079798,0.978,0.881,1.429945166077631e-236,7,Tcf4,0.09699999999999998
5.8071851569816104e-241,0.545305889522977,0.975,0.921,1.4527835107220894e-236,7,Rpl39,0.05399999999999994
5.631065758896236e-239,0.561886737863601,0.895,0.689,1.4087237209030714e-234,7,Rps28,0.20600000000000007
7.214051235788073e-236,0.5025619244335642,0.917,0.735,1.8047391976571022e-231,7,Rpl4,0.18200000000000005
1.0288215679157675e-227,0.7095840003269023,0.877,0.683,2.5738029164548754e-223,7,Pcdh17,0.19399999999999995
5.1315523728555444e-208,0.5463822344925355,0.955,0.871,1.2837604571172715e-203,7,Rps3a1,0.08399999999999996
1.1747101755621919e-199,0.6142054071598748,0.998,0.993,2.9387724462039353e-195,7,Tmsb4x,0.0050000000000000044
4.240805144532744e-180,0.509964570465566,0.834,0.643,1.0609222230077566e-175,7,Tmem176b,0.19099999999999995
6.424517191800741e-160,1.0752910529417128,0.661,0.459,1.6072214658727913e-155,7,Igfbp7,0.202
1.5510650146620097e-142,0.5526910284644795,0.673,0.454,3.8802993471799494e-138,7,Ccnd1,0.21900000000000003
5.151176470887389e-127,0.5142668447801197,0.807,0.595,1.2886698177218982e-122,7,Hspb1,0.21200000000000008
0,6.586058606617018,0.97,0.006,0,8,Ccl21a,0.964
0,3.584172018182306,0.964,0.002,0,8,Mmrn1,0.962
0,2.5416622967835614,0.923,0.011,0,8,Maf,0.912
0,2.3498796558329276,0.689,0.037,0,8,Fgl2,0.6519999999999999
0,2.056682670943656,0.867,0.004,0,8,Prox1,0.863
0,1.9835865065978837,0.847,0.086,0,8,Nrp2,0.761
0,1.8870851139299747,0.882,0.172,0,8,Flt4,0.71
0,1.8822268715890953,0.787,0.143,0,8,Apold1,0.644
0,1.877770071496339,0.807,0.005,0,8,Fxyd6,0.802
0,1.8536817796462346,0.91,0.692,0,8,Gng11,0.21800000000000008
0,1.817002891738619,0.975,0.942,0,8,Fth1,0.03300000000000003
0,1.807340039051713,0.795,0.001,0,8,Reln,0.794
0,1.7544669280724585,0.775,0.017,0,8,Cp,0.758
0,1.6473911320710073,0.852,0.141,0,8,Ltbp4,0.711
0,1.628473894990483,0.748,0.094,0,8,S100a6,0.654
0,1.5984187282194382,0.837,0.081,0,8,Nr2f2,0.756
0,1.5878688398919407,0.746,0.022,0,8,Gja1,0.724
0,1.4952052842204315,0.547,0.05,0,8,Plac9a,0.49700000000000005
0,1.4930929336216667,0.529,0.016,0,8,Lcn2,0.513
0,1.482794374353786,0.823,0.25,0,8,Stab1,0.573
0,1.4588044994168894,0.832,0.252,0,8,Tgfbr2,0.58
0,1.4057819164057157,0.79,0.06,0,8,Tshz2,0.73
0,1.3382490793849582,0.725,0.061,0,8,Cd63,0.6639999999999999
0,1.248291866742471,0.676,0.002,0,8,Sema3d,0.674
0,1.2341992228412755,0.812,0.283,0,8,Pard6g,0.5290000000000001
0,1.1966736228934935,0.717,0.033,0,8,Lama4,0.6839999999999999
0,1.1934593697245668,0.745,0.252,0,8,Cavin3,0.493
0,1.1910551848578752,0.62,0.105,0,8,Cebpb,0.515
0,1.1838622945842978,0.704,0.169,0,8,Ndrg1,0.5349999999999999
0,1.1565253409859086,0.785,0.333,0,8,Arl4a,0.452
0,1.1473105538821025,0.961,0.687,0,8,Timp3,0.2739999999999999
0,1.1461695580437792,0.782,0.36,0,8,Kctd12,0.42200000000000004
0,1.1335340434198264,0.633,0.002,0,8,Gpm6a,0.631
0,1.1251547591742888,0.806,0.491,0,8,Neat1,0.31500000000000006
0,1.111559232534958,0.628,0.033,0,8,Rnase4,0.595
0,1.097373873694666,0.735,0.313,0,8,S100a11,0.422
0,1.0958711660192346,0.783,0.239,0,8,Ppfibp1,0.544
0,1.0875695683095012,0.761,0.238,0,8,Smad1,0.523
0,1.0735904953427533,0.509,0.01,0,8,Dusp2,0.499
0,1.0586470057625643,0.609,0.028,0,8,Sned1,0.581
0,1.0384467399684505,0.604,0.013,0,8,Scn1b,0.591
0,1.0209675951799038,0.639,0.125,0,8,Abca1,0.514
0,1.0017703561221611,0.658,0.22,0,8,Prss23,0.43800000000000006
0,0.9812147994819631,0.507,0.114,0,8,Nudt4,0.393
0,0.9577626118686946,0.605,0.031,0,8,Nectin2,0.574
0,0.9410655993998078,0.6,0.074,0,8,Dab2,0.526
0,0.9122049291133018,0.753,0.414,0,8,Nfat5,0.339
0,0.9031193301170244,0.573,0.145,0,8,Bcr,0.42799999999999994
0,0.8975967330843199,0.525,0.003,0,8,Pdpn,0.522
0,0.8918340120086131,0.536,0,0,8,Slc45a3,0.536
0,0.8879239942417857,0.508,0.002,0,8,Thy1,0.506
0,0.8869642109743143,0.535,0,0,8,Pcsk6,0.535
0,0.885606407251031,0.577,0.156,0,8,Lbp,0.42099999999999993
0,0.8744718163031641,0.559,0.056,0,8,Mpp7,0.503
0,0.8564489933669421,0.525,0.045,0,8,Itga9,0.48000000000000004
0,0.8371081488798502,0.534,0.001,0,8,Tbx1,0.533
0,0.8363449101320287,0.821,0.541,0,8,Timp2,0.2799999999999999
0,0.8336276279589145,0.971,0.915,0,8,Gnas,0.05599999999999994
0,0.8325434530455806,0.584,0.092,0,8,Nxn,0.492
0,0.8272498472354803,0.726,0.396,0,8,Zfp36l2,0.32999999999999996
0,0.8234014822478462,0.671,0.26,0,8,Ctsb,0.41100000000000003
0,0.7883457574637366,0.61,0.18,0,8,Abhd17b,0.43
0,0.7852651115473223,0.561,0.087,0,8,Fcgrt,0.4740000000000001
0,0.764537652484756,0.718,0.35,0,8,Gls,0.368
0,0.762479738650797,0.664,0.297,0,8,Ntn1,0.36700000000000005
0,0.753384613518942,0.521,0.062,0,8,Fbln5,0.459
0,0.7272136325143411,0.572,0.2,0,8,Fam43a,0.37199999999999994
0,0.7143479250963727,0.57,0.122,0,8,Dlg1,0.44799999999999995
0,0.6942304444035341,0.527,0.112,0,8,Hjurp,0.41500000000000004
0,0.6843752493588352,0.59,0.242,0,8,Gpx1,0.348
0,0.6826614474139707,0.516,0.157,0,8,Marcksl1,0.359
0,0.6724789648101427,0.51,0.149,0,8,Ptpn18,0.361
0,0.6566572459872223,0.538,0.147,0,8,Peak1,0.391
0,0.650391062108467,0.527,0.128,0,8,Unc5b,0.399
0,0.6229481042833166,0.57,0.198,0,8,Sntb2,0.37199999999999994
0,0.6214931914950672,0.547,0.187,0,8,Selenom,0.36000000000000004
0,0.604694978655704,0.612,0.272,0,8,Adam10,0.33999999999999997
0,0.6014351262541195,0.505,0.151,0,8,Ptpn14,0.354
2.2705648088453942e-297,0.6831527000410416,0.625,0.282,5.680271982288523e-293,8,Abi3bp,0.343
3.700589326176049e-297,0.8102716955149734,0.994,0.993,9.257764317294622e-293,8,Tmsb4x,0.0010000000000000009
3.682923425851322e-291,0.660944084592918,0.675,0.357,9.213569534452253e-287,8,Lims1,0.31800000000000006
1.3139832417818293e-285,0.8830095506494067,0.799,0.568,3.287191875965602e-281,8,S100a10,0.2310000000000001
2.056062114193462e-285,0.813826274024911,0.584,0.248,5.1436505910777836e-281,8,Lrg1,0.33599999999999997
1.693888975058893e-281,0.600990990167179,0.642,0.314,4.2376020489048326e-277,8,Nfia,0.328
3.3319823934593797e-277,0.6466441313775235,0.94,0.858,8.33562035371733e-273,8,Aplp2,0.08199999999999996
4.726395576151347e-274,0.739827729813012,0.876,0.657,1.1824023812857824e-269,8,Marcks,0.21899999999999997
1.1664290129673583e-251,0.8950813154659691,0.873,0.664,2.91805546174044e-247,8,Tmsb10,0.20899999999999996
1.839064625497531e-245,0.8132261985866027,0.719,0.461,4.6007879736071735e-241,8,Igfbp4,0.25799999999999995
7.336053889659289e-236,0.6254381483188288,0.659,0.384,1.8352606015760643e-231,8,Glud1,0.275
6.976772758976738e-211,0.5634934501211696,0.733,0.468,1.7453792411132107e-206,8,Ptms,0.26499999999999996
4.2979835449126116e-206,0.5198423583975911,0.585,0.307,1.075226543430788e-201,8,Degs1,0.27799999999999997
1.8181830162991128e-198,0.9368569108724043,0.898,0.809,4.5485484518754903e-194,8,Selenop,0.08899999999999997
4.9805855955321795e-171,0.5539382296856198,0.677,0.442,1.2459930984342853e-166,8,Anxa5,0.23500000000000004
2.470649201553541e-169,0.7956107578195504,0.876,0.793,6.180823107526493e-165,8,Dusp1,0.08299999999999996
3.142213462036281e-168,0.519920255128957,0.78,0.593,7.860875417976163e-164,8,Elk3,0.18700000000000006
1.001322930621288e-153,0.5826162186645718,0.852,0.685,2.505009575535276e-149,8,Slc38a2,0.16699999999999993
3.7792416038757394e-146,0.8999909786531259,0.902,0.836,9.454528720415937e-142,8,Fos,0.06600000000000006
8.104630605691137e-139,0.5378649580762823,0.745,0.568,2.0275354386257517e-134,8,Wnk1,0.17700000000000005
8.963724382102875e-139,0.5070243710323331,0.527,0.303,2.2424549286706764e-134,8,Gmfg,0.22400000000000003
5.849999104167486e-128,0.6012357713677452,0.824,0.693,1.4634942758895801e-123,8,Ahnak,0.131
7.153798766754246e-127,0.7200036114734725,0.762,0.618,1.7896658374789096e-122,8,Hes1,0.14400000000000002
1.7822724303724298e-115,0.5726096463295165,0.925,0.919,4.458710939062708e-111,8,Rps3,0.006000000000000005
8.095733862574569e-115,1.0758821015984121,0.595,0.426,2.02530974040028e-110,8,Lyve1,0.16899999999999998
2.5519704641718926e-98,0.747574018601513,0.839,0.732,6.384264510218824e-94,8,Egr1,0.10699999999999998
2.318308313170579e-84,0.7004324148672767,0.75,0.637,5.799711907058838e-80,8,Fosb,0.11299999999999999
8.346208984112213e-14,0.5307485027281422,0.532,0.495,2.0879711015553524e-9,8,Hspa1b,0.03700000000000003
0,3.340735810571063,0.611,0.158,0,9,Mgp,0.45299999999999996
0,2.3857188448405204,0.964,0.336,0,9,Vwf,0.6279999999999999
0,1.9871493207610484,0.808,0.226,0,9,Plac8,0.5820000000000001
0,1.9130430682823953,0.715,0.07,0,9,Atp13a3,0.645
0,1.8636682511991458,0.841,0.145,0,9,Ltbp4,0.696
0,1.8102302600780809,0.762,0.05,0,9,Adgrg6,0.712
0,1.5916425894521096,0.824,0.459,0,9,Igfbp4,0.36499999999999994
0,1.53504959554489,0.775,0.22,0,9,Plat,0.555
0,1.4675020627414985,0.568,0.064,0,9,Fbln5,0.504
0,1.4538716134813845,0.557,0.06,0,9,Vcam1,0.49700000000000005
0,1.3769464089638261,0.976,0.836,0,9,Tm4sf1,0.14
0,1.2861809887250863,0.628,0.052,0,9,Sulf1,0.576
0,1.2236576418107241,0.623,0.028,0,9,Gja5,0.595
0,1.1747301622010882,0.523,0.057,0,9,Fbln2,0.466
0,1.1654946664182175,0.723,0.096,0,9,Gata6,0.627
0,1.1430281920921321,0.817,0.331,0,9,Fmo2,0.48599999999999993
0,1.115489255960186,0.851,0.49,0,9,Utrn,0.361
0,1.0907506090862609,0.784,0.423,0,9,Tsc22d1,0.36100000000000004
0,1.0863687725268576,0.594,0.083,0,9,Psen2,0.511
0,1.0863264003093132,0.702,0.281,0,9,Abi3bp,0.42099999999999993
0,0.987523353542413,0.841,0.538,0,9,Dst,0.30299999999999994
0,0.9686332166490356,0.524,0.03,0,9,AU021092,0.494
0,0.9291371134268358,0.584,0.032,0,9,Bmx,0.5519999999999999
0,0.923529046937984,0.637,0.08,0,9,Mecom,0.557
0,0.9170974868476506,0.515,0.012,0,9,Fads2,0.503
0,0.8916965265844445,0.919,0.638,0,9,Efnb2,0.281
0,0.8861328530540288,0.6,0.087,0,9,Mgst1,0.513
0,0.8629394432927266,0.539,0.039,0,9,Thsd7a,0.5
0,0.8493609626816789,0.661,0.228,0,9,Avpi1,0.43300000000000005
0,0.8380733114858856,0.683,0.312,0,9,Plxnd1,0.37100000000000005
0,0.8341039674143353,0.568,0.096,0,9,Fstl1,0.472
0,0.8187322111171754,0.81,0.472,0,9,Atp1b3,0.3380000000000001
0,0.8128969749914363,0.515,0.029,0,9,Myof,0.486
0,0.7991972093898799,0.596,0.191,0,9,Cd81,0.40499999999999997
0,0.7347253281669077,0.607,0.225,0,9,Azin1,0.382
0,0.7284162849499625,0.518,0.101,0,9,Trim47,0.41700000000000004
0,0.6554005663179195,0.569,0.152,0,9,Rfk,0.4169999999999999
0,0.6489004196519963,0.537,0.178,0,9,Pcsk5,0.35900000000000004
7.671232803353299e-281,0.6745820118713484,0.616,0.264,1.9191123104148945e-276,9,Ctsb,0.352
8.183612437683643e-276,0.6346453594531347,0.575,0.233,2.047294323535317e-271,9,Pbx1,0.34199999999999997
4.0761629681966485e-266,0.7061919115213918,0.695,0.353,1.0197336897537555e-261,9,Mmrn2,0.34199999999999997
1.831855084838042e-265,1.5539395996365266,0.733,0.423,4.5827518657393295e-261,9,Lyve1,0.31
6.1815652482308416e-263,0.735427292762171,0.647,0.315,1.5464421781499096e-258,9,Jam2,0.332
1.285581716963578e-253,0.6913238383449636,0.666,0.317,3.216139781327783e-249,9,S100a11,0.34900000000000003
4.999245326746677e-253,0.7206260593952739,0.82,0.494,1.2506612033922162e-248,9,Sema3g,0.32599999999999996
1.3173028185017783e-249,0.6145947517925995,0.647,0.303,3.2954964610458987e-245,9,Dll4,0.34400000000000003
1.2261666614953795e-241,1.0232952223684184,0.735,0.479,3.067501137062991e-237,9,Bsg,0.256
6.668646094851239e-238,0.7552397897999792,0.877,0.667,1.6682951935489345e-233,9,Heg1,0.20999999999999996
2.9311463579951496e-229,0.6699981428819125,0.506,0.209,7.332848843796465e-225,9,Ntn4,0.29700000000000004
7.3628746452348935e-221,0.6544350591399962,0.648,0.315,1.8419703499984135e-216,9,Tinagl1,0.333
1.3456141373111124e-218,0.882055163508012,0.813,0.558,3.36632288731121e-214,9,Sat1,0.2549999999999999
4.191036924390876e-210,0.6125419616743373,0.696,0.378,1.0484717073748654e-205,9,Ccnd2,0.31799999999999995
1.627410964971161e-201,0.7172961819307258,0.817,0.539,4.0712940110683536e-197,9,Smad6,0.2779999999999999
1.115311502378382e-199,0.5193034978482696,0.538,0.247,2.790174785499998e-195,9,Golim4,0.29100000000000004
8.874248512860802e-192,0.528405052319302,0.603,0.311,2.220070750462387e-187,9,Smpdl3a,0.292
1.7004224355749903e-187,0.6136374774272428,0.65,0.332,4.2539468070779536e-183,9,Mgll,0.318
1.0013712176689154e-185,0.5022934999851612,0.535,0.246,2.5051303752423254e-181,9,Gpx1,0.28900000000000003
2.728266352732955e-175,0.5956736736669503,0.984,0.882,6.825303934632033e-171,9,Ptprb,0.10199999999999998
3.506650419158496e-175,0.5642774276828633,0.521,0.246,8.77258735360881e-171,9,Id2,0.275
6.393805501883622e-170,0.7340662080596481,0.723,0.468,1.5995383224062258e-165,9,Gja4,0.25499999999999995
3.520169350544295e-163,0.8713834693085936,0.902,0.792,8.806407664256662e-159,9,Cst3,0.10999999999999999
2.6714381135802654e-160,0.5124480088800402,0.725,0.445,6.68313672874375e-156,9,Meis2,0.27999999999999997
1.767862683488395e-154,0.5085936907636761,0.565,0.302,4.422662075282918e-150,9,Efna1,0.26299999999999996
1.3588333845503432e-147,0.5350005821717044,0.79,0.589,3.3993934781295934e-143,9,Notch1,0.20100000000000007
4.759870954866318e-145,0.6663522888933162,0.954,0.918,1.1907769167789067e-140,9,Rps3,0.03599999999999992
4.937735114812063e-124,0.5084378827418656,0.896,0.698,1.2352731936725339e-119,9,Cemip2,0.19800000000000006
3.0354281904538824e-123,0.5372113805713132,0.781,0.612,7.593730704058478e-119,9,Sox18,0.16900000000000004
1.943076408099025e-117,0.5220044556250234,0.933,0.849,4.8609942501413307e-113,9,Id3,0.08400000000000007
4.2410918002820594e-110,0.5755713606522148,0.767,0.597,1.0609939356765628e-105,9,Rhob,0.17000000000000004
1.0999169522762192e-104,0.6767140858326318,0.575,0.359,2.7516622395094176e-100,9,Ccn1,0.21599999999999997
5.3144360671534216e-101,1.1540736447306958,0.785,0.674,1.3295124709197715e-96,9,Cxcl12,0.11099999999999999
1.3105563881139966e-81,0.6163872436632178,0.656,0.469,3.2786189161447856e-77,9,Edn1,0.18700000000000006
0,3.15337598996452,0.638,0.063,0,10,Cxcl10,0.575
0,2.451178774951705,0.953,0.34,0,10,Gbp2,0.613
0,1.9277148981940901,0.989,0.867,0,10,Ly6c1,0.122
0,1.922861994173775,0.773,0.118,0,10,Ifit3,0.655
0,1.8952353591757969,0.958,0.499,0,10,Iigp1,0.45899999999999996
0,1.8694427215024072,0.847,0.125,0,10,Cd274,0.722
0,1.861794155771669,0.834,0.294,0,10,Isg15,0.54
0,1.841257204725816,0.842,0.109,0,10,Gbp5,0.733
0,1.811293112231958,0.998,0.933,0,10,Ly6a,0.06499999999999995
0,1.6731309210327767,0.529,0.056,0,10,Rsad2,0.47300000000000003
0,1.6568351281650022,0.933,0.477,0,10,Wars,0.45600000000000007
0,1.6533161113306303,0.936,0.384,0,10,Gbp4,0.552
0,1.647999197030952,0.64,0.118,0,10,Gbp2b,0.522
0,1.6255079919030138,0.914,0.295,0,10,Gm12250,0.619
0,1.623349135327022,0.931,0.338,0,10,Igtp,0.593
0,1.6222414493851784,0.886,0.303,0,10,Samhd1,0.583
0,1.6166332708145676,0.963,0.534,0,10,Gbp7,0.42899999999999994
0,1.5967632063679218,0.982,0.779,0,10,H2-T23,0.20299999999999996
0,1.5421625278920146,0.932,0.689,0,10,Timp3,0.2430000000000001
0,1.5344349956933654,0.728,0.115,0,10,Irf7,0.613
0,1.4785316352154636,0.996,0.955,0,10,Ifitm3,0.041000000000000036
0,1.4760217103680349,0.847,0.188,0,10,Gbp3,0.659
0,1.4579662136951568,0.653,0.031,0,10,Ido1,0.622
0,1.397964486669904,0.88,0.43,0,10,H2-T22,0.45
0,1.3728426231719801,0.96,0.823,0,10,Cd74,0.137
0,1.3596456962647365,0.959,0.635,0,10,Psmb8,0.32399999999999995
0,1.3548166989014878,0.902,0.375,0,10,Ifi47,0.527
0,1.3540769113700912,0.665,0.14,0,10,Ifit1,0.525
0,1.3383147984947603,0.913,0.533,0,10,Xdh,0.38
0,1.331776875877079,0.908,0.363,0,10,Tap1,0.545
0,1.262337388702343,0.659,0.102,0,10,Slfn2,0.557
0,1.2005169971215004,0.961,0.772,0,10,Bst2,0.18899999999999995
0,1.1928292974070467,0.979,0.772,0,10,H2-Q4,0.20699999999999996
0,1.1787637325006808,0.851,0.292,0,10,Irgm1,0.5589999999999999
0,1.1514194422930724,0.916,0.589,0,10,Tapbp,0.32700000000000007
0,1.1022842784828648,0.718,0.287,0,10,Upp1,0.431
0,1.099027206844784,0.977,0.813,0,10,H2-Q7,0.16400000000000003
0,1.0814453240676967,0.526,0.054,0,10,Ifit3b,0.47200000000000003
0,1.0813616022399928,1,0.988,0,10,H2-K1,0.01200000000000001
0,1.0436880755468159,0.652,0.146,0,10,Pfkfb3,0.506
0,1.0383621904518323,0.773,0.34,0,10,Sema7a,0.433
0,1.0304875940438072,0.823,0.524,0,10,Rhoc,0.29899999999999993
0,1.0176021920307552,0.659,0.111,0,10,Zbp1,0.548
0,1.010922356677848,0.829,0.39,0,10,Parp14,0.43899999999999995
0,1.0073964612539736,0.856,0.405,0,10,Tap2,0.45099999999999996
0,0.9979999004210591,0.832,0.475,0,10,Tgm2,0.357
0,0.9792766553140007,0.905,0.669,0,10,Tspo,0.236
0,0.9758786935275933,0.681,0.19,0,10,Gm4951,0.49100000000000005
0,0.972350168935278,0.792,0.3,0,10,Stat1,0.49200000000000005
0,0.9718664748204926,0.797,0.287,0,10,Xaf1,0.51
0,0.9629888851948072,0.933,0.704,0,10,H2-Ab1,0.2290000000000001
0,0.961939407575445,1,0.993,0,10,H2-D1,0.007000000000000006
0,0.9344461797739667,1,0.996,0,10,B2m,0.0040000000000000036
0,0.9339620214487891,0.507,0.072,0,10,Usp18,0.435
0,0.9266681979784109,0.725,0.212,0,10,Oasl2,0.513
0,0.9241984454162018,0.747,0.284,0,10,Rnf213,0.463
0,0.8869175350787066,0.872,0.532,0,10,Psmb10,0.33999999999999997
0,0.885575016975574,0.723,0.242,0,10,Rtp4,0.481
0,0.8819510343823709,0.942,0.687,0,10,H2-Q6,0.2549999999999999
0,0.8743482575124276,0.59,0.123,0,10,Ifi44,0.46699999999999997
0,0.8628422685417461,0.671,0.194,0,10,Trafd1,0.47700000000000004
0,0.8578764429172742,0.877,0.55,0,10,Psmb9,0.32699999999999996
0,0.8529328534794425,0.681,0.228,0,10,Phf11d,0.45300000000000007
0,0.8232663686278638,0.668,0.235,0,10,Trim30a,0.43300000000000005
0,0.7844113695055823,0.515,0.1,0,10,Daxx,0.41500000000000004
0,0.7794868118510911,0.803,0.429,0,10,Psme2,0.37400000000000005
0,0.7761569283999821,0.628,0.188,0,10,Apobec3,0.44
0,0.7696696581397363,0.661,0.242,0,10,Gbp9,0.41900000000000004
0,0.7647170581418514,0.889,0.646,0,10,Psme1,0.243
0,0.763447193298704,0.625,0.196,0,10,Ciita,0.429
0,0.7545495140905907,0.58,0.171,0,10,Herc6,0.4089999999999999
0,0.74736597467657,0.513,0.071,0,10,Il18bp,0.442
0,0.7338595766736644,0.641,0.215,0,10,Lap3,0.42600000000000005
0,0.7138786879343484,0.506,0.085,0,10,Ube2l6,0.421
0,0.7064348256617581,0.606,0.156,0,10,Parp9,0.44999999999999996
0,0.6910821363372952,0.681,0.262,0,10,Irgm2,0.41900000000000004
0,0.6375922949371293,0.507,0.106,0,10,Snx10,0.401
0,0.6186530556831793,0.577,0.202,0,10,Litaf,0.37499999999999994
0,0.6125270326789756,0.574,0.172,0,10,Dtx3l,0.40199999999999997
0,0.5486411303431615,0.504,0.148,0,10,Tgtp2,0.356
6.694713841738205e-304,0.6459015001031809,0.998,0.975,1.6748165617876468e-299,10,Ly6e,0.02300000000000002
1.9200920506537145e-303,0.887196641126939,0.916,0.694,4.803494283120398e-299,10,H2-Aa,0.2220000000000001
3.4153738622047373e-298,0.6379127929149602,0.565,0.212,8.544240791077592e-294,10,Pim1,0.353
1.0984923104295871e-292,0.6528814362105282,0.65,0.289,2.7480982130016983e-288,10,Ifi35,0.36100000000000004
4.026895208743017e-290,0.5883557503923684,0.615,0.255,1.0074083743712404e-285,10,Chmp4b,0.36
4.51712805349717e-281,0.7643384764038332,0.615,0.276,1.130049925143387e-276,10,Slco3a1,0.33899999999999997
4.1004408268037965e-280,0.770021099517181,0.766,0.442,1.0258072816415057e-275,10,Lgals9,0.324
3.0182486369240864e-279,0.6499268014048781,0.589,0.246,7.550752614992987e-275,10,Lgals3bp,0.34299999999999997
2.323947453618596e-278,0.5839649307448018,0.593,0.245,5.813819344717641e-274,10,Nampt,0.348
2.918301068856344e-273,0.5668447052072594,0.581,0.239,7.300713783957916e-269,10,H2-M3,0.34199999999999997
9.258390767995713e-261,0.843846501427991,0.895,0.673,2.3161716184294876e-256,10,H2-Eb1,0.22199999999999998
5.920365545437472e-252,0.7528755591264162,0.893,0.684,1.4810978485020925e-247,10,Cd200,0.20899999999999996
1.094406201146667e-249,0.536835843489138,0.515,0.201,2.737875993408617e-245,10,Znfx1,0.314
2.197159643737337e-245,0.6363618284660817,0.819,0.553,5.4966342807376964e-241,10,Sdcbp,0.2659999999999999
3.4497667563388164e-240,0.8670612186084893,0.639,0.322,8.630281494332817e-236,10,Ackr3,0.317
5.069715134171745e-240,0.6515885106549724,0.992,0.96,1.2682906351157455e-235,10,H3f3b,0.03200000000000003
3.1677120054957866e-235,0.5496635356341713,0.527,0.217,7.924665124148809e-231,10,Marchf5,0.31000000000000005
6.002222402442461e-228,0.5673318181320384,0.568,0.25,1.5015759784190305e-223,10,Samd9l,0.31799999999999995
2.6897342417820772e-226,0.8145870289192546,0.722,0.427,6.728908152666223e-222,10,Ifi203,0.295
1.1325415158025816e-224,0.5471774031023982,0.605,0.281,2.8332791100833184e-220,10,Sp100,0.32399999999999995
3.42489492921921e-219,0.6512470222366146,0.738,0.429,8.568059644427697e-215,10,Tmem140,0.309
3.7085334782830626e-216,0.7274927748166911,0.681,0.394,9.277638202620738e-212,10,Csrp1,0.28700000000000003
5.6470877924747836e-213,0.6097201095735725,0.668,0.361,1.4127319530434167e-208,10,Il4ra,0.30700000000000005
1.7854169549816733e-212,0.741132959807339,0.694,0.41,4.466577596277652e-208,10,Pkm,0.284
4.948995588080705e-210,0.7947765836780933,0.62,0.316,1.23809022627015e-205,10,Tinagl1,0.304
2.8928678413362017e-205,0.592555259824493,0.756,0.478,7.237087478670776e-201,10,Shisa5,0.278
1.0265765755418798e-202,0.6602688163441868,0.98,0.92,2.5681866190331208e-198,10,Clic4,0.05999999999999994
5.891834496488682e-199,0.6040060383275688,0.776,0.519,1.4739602359865735e-194,10,Rbm3,0.257
3.06849855963829e-193,0.6698394246028125,0.936,0.842,7.67646284664711e-189,10,Serinc3,0.09400000000000008
5.573712282315702e-191,0.6982208872169028,0.722,0.431,1.3943756016669192e-186,10,Fxyd5,0.291
8.471706216769188e-185,0.5276616808048974,0.729,0.461,2.119366744249148e-180,10,Plscr3,0.26799999999999996
1.3182621836901159e-182,0.5111927596442328,0.639,0.341,3.2978965049375627e-178,10,H2-DMb1,0.298
3.727574322893282e-180,0.522684724842719,0.73,0.461,9.325272683582124e-176,10,Rab5c,0.26899999999999996
1.884830430262105e-179,0.5605154313876705,0.668,0.377,4.7152802873867086e-175,10,H2-DMa,0.29100000000000004
1.3391277173607849e-174,0.5045838256684186,0.624,0.34,3.350095810521476e-170,10,St3gal1,0.284
3.749560070526952e-172,0.5909659109237764,0.828,0.608,9.380274428437276e-168,10,Tnfsf10,0.21999999999999997
2.6202192591345164e-170,0.59119510004359,0.806,0.572,6.55500252057682e-166,10,Selenow,0.2340000000000001
1.9516202585192764e-169,0.5348450967315987,0.881,0.709,4.882368400737674e-165,10,Tpm3,0.17200000000000004
7.650228888445488e-169,0.6676010792406715,0.923,0.76,1.9138577610224078e-164,10,Cebpd,0.16300000000000003
5.65117759242902e-166,0.5979926304235611,0.596,0.325,1.413755098297968e-161,10,Pnp,0.27099999999999996
4.49495224161945e-162,0.5302698749409379,0.711,0.456,1.1245022022859378e-157,10,Mbd2,0.25499999999999995
2.4778567561531877e-161,0.6212113444518972,0.928,0.839,6.19885424686843e-157,10,Cd47,0.08900000000000008
5.273314014529819e-161,0.5326843972948334,0.919,0.789,1.3192249670149248e-156,10,Clic1,0.13
1.4165505441203913e-160,0.5335506577779975,0.708,0.453,3.5437844962259827e-156,10,Gpr146,0.25499999999999995
1.931176983481798e-160,0.5722050939765209,0.837,0.585,4.831225459576413e-156,10,Irf1,0.252
1.1198470245161243e-156,0.5229730553780942,0.529,0.266,2.801521301231988e-152,10,Ccrl2,0.263
2.8579487840852157e-142,0.5964371305682342,0.511,0.267,7.149730473145984e-138,10,Plaur,0.244
9.168795540029957e-142,0.5493408984564431,0.684,0.436,2.2937575802492946e-137,10,Dusp6,0.24800000000000005
9.975052785742138e-142,0.5585528366557879,0.997,0.992,2.4954589554091107e-137,10,Itm2b,0.0050000000000000044
3.2239436143752885e-138,0.6311932241875275,0.505,0.252,8.065339740082659e-134,10,Lrg1,0.253
8.182958224898742e-137,0.7043417966559078,0.715,0.466,2.0471306591229182e-132,10,Gadd45g,0.24899999999999994
7.912442595647593e-130,0.624566397077436,0.779,0.542,1.9794557641531584e-125,10,Icam1,0.237
1.8460979125048757e-126,0.5535725822493898,0.775,0.588,4.6183831477134474e-122,10,Anxa2,0.18700000000000006
1.5342314174585215e-123,0.5662086581925175,0.654,0.427,3.838186737055983e-119,10,Pim3,0.22700000000000004
6.606732587701945e-122,0.5784509609745008,0.948,0.882,1.6528062914653955e-117,10,Fkbp1a,0.06599999999999995
3.512602536369335e-120,0.5435564358406131,0.887,0.711,8.787477765235165e-116,10,Cdkn1a,0.17600000000000005
3.668455493560367e-119,0.5443694089065663,0.791,0.617,9.177375108239969e-115,10,Gapdh,0.17400000000000004
1.767599937490746e-117,0.5173021953564438,0.84,0.685,4.4220047636205994e-113,10,Slc3a2,0.15499999999999992
1.309441816013186e-116,0.5550182747684614,0.656,0.439,3.275830591120187e-112,10,Mndal,0.21700000000000003
2.157448641893319e-114,0.5004843087150186,0.927,0.804,5.397289267424515e-110,10,Slfn5,0.123
3.170991911922166e-112,0.5411817237798544,0.8,0.619,7.932870466055682e-108,10,Klf6,0.18100000000000005
6.3920779855080485e-112,0.505213365672611,0.731,0.545,1.5991061496345483e-107,10,Aldoa,0.18599999999999994
1.2174275187694946e-94,0.7525515949940383,0.567,0.373,3.0456384237056446e-90,10,Lpl,0.19399999999999995
2.590516899078881e-91,0.8110097861286267,0.586,0.415,6.480696126425637e-87,10,Cd24a,0.17099999999999999
4.390976860479326e-78,0.5878015305002009,0.626,0.426,1.098490681186113e-73,10,Lyve1,0.2
1.9242123606832674e-72,0.5381860307580755,0.724,0.583,4.81380206272133e-68,10,Emp1,0.14100000000000001
4.1485954242018724e-64,0.5227028416616165,0.62,0.471,1.0378541172725825e-59,10,Gja4,0.14900000000000002
2.4102277950882803e-63,0.5307757306874357,0.784,0.667,6.029666874972351e-59,10,Tmsb10,0.11699999999999999
0,2.3506684871819967,1,0.953,0,11,Rps21,0.04700000000000004
0,2.111004268987504,1,0.963,0,11,Rpl37a,0.03700000000000003
0,2.0631666644135795,1,0.916,0,11,Rpl30,0.08399999999999996
0,2.0029985531051184,1,0.984,0,11,Rps29,0.016000000000000014
0,1.9872501221501295,1,0.922,0,11,Rpl39,0.07799999999999996
0,1.9758896033830156,1,0.927,0,11,Rpl38,0.07299999999999995
0,1.9575886842521761,1,0.946,0,11,Rpl37,0.05400000000000005
0,1.9172773134851497,1,0.964,0,11,Rps27,0.03600000000000003
0,1.882764989253722,1,0.956,0,11,Rps27a,0.04400000000000004
0,1.8297064418674327,1,0.978,0,11,Rps8,0.02200000000000002
0,1.7586681864936304,1,0.936,0,11,Rpl35a,0.06399999999999995
0,1.7084718539217287,1,0.967,0,11,Rps20,0.03300000000000003
0,1.6781061491466094,1,0.97,0,11,Rpl23,0.030000000000000027
0,1.6609586752236312,1,0.972,0,11,Rps12,0.028000000000000025
0,1.6560256185320692,1,0.932,0,11,Rps11,0.06799999999999995
0,1.604139364407628,1,0.951,0,11,Rps9,0.049000000000000044
0,1.5509914050126514,0.996,0.818,0,11,Rpl36a,0.17800000000000005
0,1.5395875789948326,1,0.943,0,11,Rplp2,0.05700000000000005
0,1.5026747448302502,1,0.941,0,11,Rpl34,0.05900000000000005
0,1.491910381665426,0.999,0.888,0,11,Rps25,0.11099999999999999
0,1.4871716593695465,0.999,0.919,0,11,Rps15a,0.07999999999999996
0,1.4855048022309651,0.998,0.862,0,11,Rpl22,0.136
0,1.4787564105661615,0.971,0.693,0,11,Rps28,0.278
0,1.4703137170403267,0.982,0.76,0,11,Gng5,0.22199999999999998
0,1.4697819605876032,0.99,0.796,0,11,Rpl23a,0.19399999999999995
0,1.4467089419395438,1,0.96,0,11,Rps16,0.040000000000000036
0,1.4089607223066742,0.999,0.903,0,11,Rps13,0.09599999999999997
0,1.3754137204856818,0.988,0.838,0,11,Rps26,0.15000000000000002
0,1.3698462205273652,0.973,0.746,0,11,Rpl31,0.22699999999999998
0,1.3425552842727853,1,0.973,0,11,Rps24,0.027000000000000024
0,1.327624727955714,0.95,0.639,0,11,Ndufa4,0.31099999999999994
0,1.307009699479722,1,0.983,0,11,Rpl41,0.017000000000000015
0,1.2604664701124333,0.988,0.866,0,11,Rps17,0.122
0,1.255139265533593,0.99,0.842,0,11,Rpl27a,0.14800000000000002
0,1.2521690111868011,0.963,0.693,0,11,Cox6c,0.27
0,1.2369969387268132,0.921,0.55,0,11,Gas5,0.371
0,1.2360557497135147,0.954,0.671,0,11,Cox7a2,0.2829999999999999
0,1.2146409962443678,0.976,0.836,0,11,Rpl35,0.14
0,1.212613031845938,0.95,0.654,0,11,Sem1,0.29599999999999993
0,1.1773662739137056,0.998,0.957,0,11,Rps15,0.041000000000000036
0,1.17020909053593,0.964,0.764,0,11,Sec62,0.19999999999999996
0,1.160414818650618,0.873,0.454,0,11,Ndufa2,0.419
0,1.1480281827664687,1,0.952,0,11,Rpl26,0.04800000000000004
0,1.124258195395385,0.936,0.64,0,11,Uqcrh,0.29600000000000004
0,1.1203275713332164,0.982,0.882,0,11,Chchd2,0.09999999999999998
0,1.1127146218072927,1,0.993,0,11,Tmsb4x,0.007000000000000006
0,1.0818500133951887,0.997,0.973,0,11,Fau,0.02400000000000002
0,1.058955645836521,0.992,0.892,0,11,Rpl36,0.09999999999999998
0,1.0392361815410545,0.999,0.961,0,11,Rps23,0.038000000000000034
3.1172906981295764e-302,1.1604593409484452,0.882,0.506,7.798526139510762e-298,11,Tomm7,0.376
1.0369346087561914e-293,1.1378069857532709,0.887,0.48,2.594099310725364e-289,11,Rpl22l1,0.40700000000000003
1.0551069336730828e-290,1.0689480282424153,0.742,0.304,2.639561015969951e-286,11,Gm10076,0.438
8.508706134740119e-289,1.079130712297477,0.964,0.761,2.1286230137279356e-284,11,Rpl24,0.20299999999999996
7.762929327701373e-275,0.9330564591819344,0.999,0.972,1.9420520299110524e-270,11,Rps14,0.027000000000000024
1.2762319697180662e-273,0.9557773503192439,0.991,0.905,3.192749518643686e-269,11,Rpl6,0.08599999999999997
2.6418935611656277e-273,1.0669266133023998,0.832,0.44,6.609225121968051e-269,11,Ndufb1,0.39199999999999996
3.3051666848892198e-267,1.0379473841595481,0.901,0.593,8.268535495587361e-263,11,Uqcrb,0.30800000000000005
2.0966366880423307e-262,1.0954568209483178,0.992,0.942,5.245156002475499e-258,11,Fth1,0.050000000000000044
2.817412545751859e-249,0.9656070949602221,0.757,0.335,7.048320965707426e-245,11,Atp5md,0.422
2.3317226525661567e-245,0.9751390699589431,0.968,0.783,5.8332705599247544e-241,11,Rps10,0.18499999999999994
2.0646872935314033e-244,1.0061718501188626,0.836,0.48,5.165228202227511e-240,11,Rps27l,0.356
2.354636381826912e-242,0.925257742948981,0.93,0.701,5.8905938364163865e-238,11,Cox8a,0.2290000000000001
4.0659723897598546e-240,0.9875961309951683,0.814,0.449,1.0171843127462228e-235,11,Zcrb1,0.36499999999999994
6.776253138587688e-239,0.9359408514367042,0.928,0.703,1.695215247680482e-234,11,Cox7c,0.2250000000000001
1.0000496155109996e-237,0.8073353781632648,1,0.994,2.5018241231238676e-233,11,Tpt1,0.006000000000000005
2.119337136047405e-237,0.8654791235612525,0.997,0.931,5.3019457132497935e-233,11,Rpl32,0.06599999999999995
1.6703818174201123e-235,0.8374302760354619,1,0.962,4.1787941926398945e-231,11,Rpl9,0.038000000000000034
5.91377070229338e-233,0.8983595736326291,0.787,0.404,1.4794480165927348e-228,11,Snrpg,0.383
1.797952608167867e-227,0.8571803122564673,0.741,0.331,4.4979380398535526e-223,11,2410006H16Rik,0.41
2.327540686106126e-223,0.9272703608283279,0.88,0.579,5.822808534431696e-219,11,Atp5e,0.30100000000000005
1.4126964261100805e-221,0.8211215594198967,0.716,0.306,3.5341426491995885e-217,11,Ndufc1,0.41
3.338992797028371e-219,0.8140086845053207,0.996,0.939,8.353158280325876e-215,11,Rps18,0.05700000000000005
4.515986183858857e-217,1.2321870220581588,0.946,0.666,1.1297642636159702e-212,11,Tmsb10,0.2799999999999999
8.246009728099524e-217,0.8906226017675156,0.955,0.812,2.0629042536786578e-212,11,Txn1,0.1429999999999999
4.2797692482469094e-216,0.8788972687170109,0.814,0.454,1.0706698728339294e-211,11,Ndufa6,0.35999999999999993
3.2092670569446735e-215,1.3060040987313841,0.924,0.716,8.02862339635849e-211,11,mt-Nd3,0.20800000000000007
1.724980642076754e-209,0.8160112884738275,0.993,0.947,4.315384072283416e-205,11,Rps4x,0.04600000000000004
1.964602594563569e-209,0.7780565856740504,0.678,0.288,4.914846310819681e-205,11,Dpm3,0.39000000000000007
2.9425368537606897e-208,1.029659751673817,0.949,0.873,7.361344447053117e-204,11,Rps3a1,0.07599999999999996
8.336453409966192e-205,0.8904956386458001,0.979,0.856,2.0855305495712422e-200,11,Rpl12,0.123
9.555598107965543e-205,0.8291230678784756,0.799,0.426,2.3905239786697397e-200,11,Atp5l,0.37300000000000005
9.898929979026523e-205,0.8958180338724877,1,0.955,2.4764153128530653e-200,11,Ifitm3,0.04500000000000004
1.5063178897755958e-203,1.0953968421536266,0.854,0.548,3.768355464851608e-199,11,Uba52,0.30599999999999994
8.616594576643883e-203,0.791220782862424,0.649,0.264,2.155613465239e-198,11,Sec61g,0.385
2.5335747783410488e-200,0.7784181388766938,0.736,0.352,6.338244022975802e-196,11,Sec61b,0.384
3.3555572657824155e-197,0.7807183736108381,0.695,0.31,8.394597611807869e-193,11,Cox17,0.38499999999999995
1.586708548470735e-196,0.9547476461035358,0.989,0.836,3.969468775709238e-192,11,Fos,0.15300000000000002
1.9317892059349305e-195,0.8196403841782299,0.73,0.371,4.832757056487416e-191,11,Tbca,0.359
6.205834381389734e-193,0.7170317607247441,0.647,0.262,1.5525135871922695e-188,11,Atp5mpl,0.385
2.6273681217472e-192,0.7408822274190137,0.674,0.298,6.57288683017497e-188,11,Snrpf,0.37600000000000006
1.8414376780767437e-189,0.8141916699604455,0.988,0.926,4.6067246392445896e-185,11,Rpl10,0.061999999999999944
6.738842858455542e-187,1.193600126056137,0.995,0.996,1.685856317899823e-182,11,mt-Cytb,-0.0010000000000000009
3.982366727938554e-186,0.7895824730077554,0.989,0.924,9.96268684328388e-182,11,Ifitm2,0.06499999999999995
5.2764212015669415e-185,1.031066845503752,0.989,0.983,1.3200022919960017e-180,11,mt-Nd1,0.006000000000000005
5.8383908122982534e-185,1.0866965870507213,0.992,0.992,1.460590229512654e-180,11,mt-Nd2,0
1.025545945516583e-184,0.8190293731520297,0.844,0.571,2.5656082918988356e-180,11,Cox6b1,0.273
3.443188156221534e-184,0.7067497314596984,0.995,0.949,8.613823810419412e-180,11,Calm1,0.04600000000000004
6.878591162416369e-182,0.6800604832303211,0.64,0.272,1.7208171511017032e-177,11,Cops9,0.368
8.808412365061605e-180,0.7824941343482071,0.711,0.349,2.2036005213674617e-175,11,Snhg8,0.362
9.365768202074987e-180,0.6348669991146849,0.53,0.188,2.3430342311130995e-175,11,Slirp,0.342
8.407647126989098e-178,0.7862811934196376,0.868,0.619,2.1033410817588626e-173,11,Elob,0.249
1.261505250320444e-177,1.000225219802883,0.959,0.793,3.155907684726655e-173,11,Cst3,0.16599999999999993
2.913313103611385e-176,0.8755795668590063,0.909,0.673,7.288235391304601e-172,11,Zfp36l1,0.236
1.6659437361329106e-174,0.6778088501425894,0.992,0.931,4.1676914446837025e-170,11,Rpl11,0.06099999999999994
3.425134719371835e-172,0.7862368244976874,0.898,0.696,8.568659527452519e-168,11,S100a13,0.20200000000000007
1.1990326296900813e-171,0.7023219048105891,0.989,0.942,2.9996199296956764e-167,11,Rpl28,0.04700000000000004
2.4429083788422785e-168,0.7480145476324161,0.782,0.474,6.111423891349728e-164,11,Sod1,0.30800000000000005
2.8272785149187637e-168,0.7741602329884278,0.824,0.536,7.07300266077227e-164,11,1810037I17Rik,0.2879999999999999
6.723610523853569e-165,0.8114329489974754,0.803,0.512,1.6820456447524473e-160,11,Ndufa7,0.29100000000000004
6.327794152604568e-162,0.7271413463303832,0.672,0.323,1.583024263157085e-157,11,Dbi,0.34900000000000003
1.1095506671572842e-160,0.7420199898067774,0.74,0.415,2.7757629040273777e-156,11,Uqcr10,0.325
2.315049281175922e-159,0.7635783224725756,0.768,0.474,5.791558786717804e-155,11,Uqcrq,0.29400000000000004
2.4979462231672766e-151,0.674835936718834,0.653,0.322,6.249112066497576e-147,11,Pdcd5,0.331
1.003537557545175e-147,0.7156099891318546,0.869,0.679,2.510549907710764e-143,11,Pfdn5,0.18999999999999995
7.123588562217474e-145,0.6819380806214191,0.712,0.406,1.7821081506099454e-140,11,Snrpe,0.30599999999999994
1.6604353929197528e-144,0.5852882581733316,0.568,0.239,4.1539112224673457e-140,11,Naa38,0.32899999999999996
2.8248031682820595e-144,0.6584138815511895,0.942,0.83,7.066810086091228e-140,11,Cox4i1,0.11199999999999999
3.5540904759882576e-141,0.6704274354720987,0.643,0.319,8.891268143779824e-137,11,Hspe1,0.324
3.435047978602184e-140,0.6172152614720696,0.618,0.296,8.593459528069084e-136,11,Mrps33,0.322
4.008891873716712e-138,0.6295147835077328,0.629,0.309,1.00290448004771e-133,11,Ier3ip1,0.32
4.7475908893051875e-138,0.6849667593885856,0.669,0.354,1.1877048127774788e-133,11,Mrpl52,0.31500000000000006
2.2538972457546088e-136,0.6510251532704168,0.975,0.871,5.638574739704304e-132,11,Rps7,0.10399999999999998
2.549251969935415e-135,0.6710515739762463,0.708,0.397,6.377463653187428e-131,11,Atpif1,0.31099999999999994
9.617383181780787e-135,0.8844800550058296,0.993,0.988,2.4059807505860994e-130,11,mt-Nd4,0.0050000000000000044
2.0859997289795765e-134,0.597961703262043,0.578,0.259,5.218545521988207e-130,11,Romo1,0.31899999999999995
5.307856452603709e-133,0.5971162299684298,0.995,0.967,1.3278664487478698e-128,11,Rpl19,0.028000000000000025
8.633720082090663e-133,0.7428178461776991,0.985,0.912,2.1598977529366212e-128,11,Ctla2a,0.07299999999999995
8.769631071505122e-131,0.6381415679804268,0.977,0.917,2.1938986051584364e-126,11,Rpl18,0.05999999999999994
8.44366742736154e-123,0.5953291684640126,0.638,0.334,2.1123522803030366e-118,11,Spcs1,0.304
5.850045200357561e-122,0.6389151496138034,0.701,0.416,1.463505807773451e-117,11,Ost4,0.285
6.2033103113525e-122,0.6882749071820871,0.967,0.732,1.551882140591055e-117,11,Egr1,0.235
1.965728952324744e-121,0.6406242862239475,0.855,0.668,4.917664120030812e-117,11,Rpl27,0.18699999999999994
7.630794218375487e-121,0.6254363307258727,0.659,0.37,1.9089957896109957e-116,11,Arpp19,0.28900000000000003
1.1055939028779107e-119,0.6570584961186137,0.731,0.453,2.765864266829669e-115,11,Amotl2,0.27799999999999997
1.011618360791522e-117,0.6409660003292019,0.808,0.617,2.5307656531921507e-113,11,Pcbp2,0.19100000000000006
1.5897689260962274e-115,0.5787373223698618,0.587,0.296,3.977124922414932e-111,11,Ndufa5,0.291
4.922796543232108e-115,0.5324034301770738,0.551,0.257,1.2315360112203763e-110,11,Srp19,0.29400000000000004
4.640617839042674e-113,0.6241367398483294,0.68,0.404,1.1609433647933058e-108,11,Micos10,0.276
4.779485227422363e-113,0.5356624653611353,0.997,0.98,1.1956838193442526e-108,11,Eif1,0.017000000000000015
7.50907666690752e-112,0.5706945470682496,0.607,0.316,1.8785457097602542e-107,11,Ndufa3,0.291
6.09726319642582e-111,0.5891743870566152,0.696,0.422,1.5253523338498474e-106,11,Atp6v0e,0.27399999999999997
6.6220182136194065e-111,0.5025606300092841,0.543,0.249,1.656630296501167e-106,11,Ndufb2,0.29400000000000004
1.7312191815860102e-109,0.7250308710462829,0.866,0.721,4.330991026573722e-105,11,mt-Nd5,0.14500000000000002
2.02092392503051e-109,0.6004564897186206,0.818,0.628,5.055745383248827e-105,11,Atp5j,0.18999999999999995
1.4403646452714671e-106,0.5751111812647579,0.622,0.344,3.6033602330756294e-102,11,Eloc,0.278
3.513632015126219e-106,0.6051616781293149,0.738,0.485,8.790053212241261e-102,11,Ubl5,0.253
4.384582516211803e-106,0.6270478706518121,0.836,0.668,1.0968910080807069e-101,11,Rpl15,0.16799999999999993
5.961557688084347e-105,0.5181493822054974,0.535,0.254,1.4914028868280612e-100,11,Polr2k,0.281
3.027882271771959e-102,0.5067958209591104,0.991,0.976,7.57485307929191e-98,11,Ppia,0.015000000000000013
7.37927040596846e-102,0.5789240359266545,0.678,0.414,1.8460720774611297e-97,11,Krtcap2,0.26400000000000007
1.1491186364887295e-101,0.5697970329577184,0.948,0.794,2.8747500929038546e-97,11,Dusp1,0.15399999999999991
5.234886386254291e-101,0.5763251010651782,0.601,0.321,1.3096115272492359e-96,11,Cox7b,0.27999999999999997
3.959089747100918e-98,0.5864445492049163,0.773,0.57,9.904454820322365e-94,11,Dad1,0.20300000000000007
2.4903911852915205e-96,0.5826396415390156,0.678,0.42,6.230211628243796e-92,11,Eif2s2,0.25800000000000006
4.430637613626921e-93,0.5353653600914943,0.633,0.373,1.1084126118010468e-88,11,Hsbp1,0.26
2.3652036223484362e-92,0.510917843810256,0.983,0.888,5.917029902029082e-88,11,Klf4,0.09499999999999997
2.688890177840537e-90,0.5663353261173386,0.739,0.499,6.726796557903671e-86,11,Atox1,0.24
1.556622467103157e-89,0.5134869059468324,0.643,0.39,3.894202425951968e-85,11,Atp5g1,0.253
5.745736802609828e-86,0.5408119149056716,0.612,0.353,1.4374109759089007e-81,11,Rpl36al,0.259
4.278819278138417e-84,0.5374146998400364,0.695,0.478,1.0704322188118877e-79,11,Cox5b,0.21699999999999997
2.97230548623204e-83,0.6390208842909861,0.961,0.833,7.435816634906695e-79,11,Hpgd,0.128
6.479033902476652e-82,0.5437882401004859,0.736,0.529,1.6208599113825839e-77,11,Rbx1,0.20699999999999996
1.4747086494358e-80,0.5122742950563504,0.72,0.519,3.6892786282935407e-76,11,Nol7,0.20099999999999996
7.07884953083406e-80,0.5359815770078533,0.755,0.597,1.7709157871287568e-75,11,Psma7,0.15800000000000003
2.2448367762100214e-79,0.5294784992003154,0.839,0.617,5.61590816304461e-75,11,Crip1,0.22199999999999998
5.134697153602512e-79,0.5229952258175827,0.812,0.688,1.2845471869167405e-74,11,Ywhaz,0.12400000000000011
8.591486129497983e-78,0.5676112575309519,0.713,0.496,2.1493320850165104e-73,11,Tmem204,0.21699999999999997
3.611506868122713e-77,0.5079097190801825,0.578,0.335,9.034906731982592e-73,11,Snhg1,0.24299999999999994
3.796107852701761e-77,0.5016951768809021,0.831,0.697,9.496723015103994e-73,11,Prdx1,0.134
4.453865000206911e-77,0.5338301235082454,0.83,0.712,1.114223407101763e-72,11,Dlc1,0.118
6.911862993909101e-72,0.5086186216036986,0.719,0.515,1.72914076518624e-67,11,Ppp3ca,0.20399999999999996
1.1044636516084138e-69,0.5085893645804846,0.676,0.45,2.7630367172287686e-65,11,Zfp503,0.22600000000000003
9.572416662493413e-64,0.5685093052226953,0.914,0.797,2.394731476455977e-59,11,Sema3c,0.11699999999999999
6.164431169560349e-48,0.6765244009172469,0.528,0.342,1.5421557456889124e-43,11,Fmo2,0.186
